LABID,OEM,RESP,,,,,,,,,,
LC101,Daimler,valson.joshuaninan@in.bosch.com,,,,,MRA - iB2,,,,LC101,MRA - iB2
LC102,VW,valson.joshuaninan@in.bosch.com,,,,,,,,,LC102,VW
LC103,CEVT,valson.joshuaninan@in.bosch.com,,,,,#N/A,,,,,
LC104,FCA,valson.joshuaninan@in.bosch.com,,,,,FCA,,,,LC104,FCA
LC106,FCA,valson.joshuaninan@in.bosch.com,,,,,FCA,,,,LC106,FCA
LC107,JLR,valson.joshuaninan@in.bosch.com,,,,,#N/A,,,,,
LC108,JLR,valson.joshuaninan@in.bosch.com,,,,,#N/A,,,,,
LC109,JLR,valson.joshuaninan@in.bosch.com,,,,,#N/A,,,,,
LC110,2WP,valson.joshuaninan@in.bosch.com,,,,,#N/A,,,,,
LC112,JLR,valson.joshuaninan@in.bosch.com,,,,,#N/A,,,,,
LC113,FCA,valson.joshuaninan@in.bosch.com,,,,,FCA,,,,LC113,FCA
LC114,Honda,valson.joshuaninan@in.bosch.com,,,,,#N/A,,,,,
LC116,VW,valson.joshuaninan@in.bosch.com,,,,,VW - iB2,,,,LC116,VW - iB2
LC117,Daimler,valson.joshuaninan@in.bosch.com,,,,,MFA2,,,,LC117,MFA2
LC119,CEVT,valson.joshuaninan@in.bosch.com,,,,,#N/A,,,,,
LC123,AUDI,valson.joshuaninan@in.bosch.com,,,,,AUDI,,,,LC123,AUDI
LC124,COEM,valson.joshuaninan@in.bosch.com,,,,,COEM,,,,LC124,COEM
LC126,GM,valson.joshuaninan@in.bosch.com,,,,,GM IPB,,,,LC126,GM IPB
LC129,COEM,valson.joshuaninan@in.bosch.com,,,,,COEM,,,,LC129,COEM
LC131,Daimler,valson.joshuaninan@in.bosch.com,,,,,MFA2,,,,LC131,MFA2
LC132,PSA-REN,valson.joshuaninan@in.bosch.com,,,,,PSA_REN iB2,,,,LC132,PSA_REN iB2
LC133,COEM,valson.joshuaninan@in.bosch.com,,,,,COEM,,,,LC133,COEM
LC134,Daimler,valson.joshuaninan@in.bosch.com,,,,,MRA2 UHD,,,,LC134,MRA2 UHD
LC135,COEM,valson.joshuaninan@in.bosch.com,,,,,COEM,,,,LC135,COEM
LC136,Daimler,valson.joshuaninan@in.bosch.com,,,,,MFA2,,,,LC136,MFA2
LC137,FCA,valson.joshuaninan@in.bosch.com,,,,,FCA,,,,LC137,FCA
LC138,FORD,valson.joshuaninan@in.bosch.com,,,,,Ford,,,,LC138,Ford
LC139,GM,valson.joshuaninan@in.bosch.com,,,,,GM IPB,,,,LC139,GM IPB
LC140,GM,valson.joshuaninan@in.bosch.com,,,,,GM,,,,LC140,GM
LC141,AUDI,valson.joshuaninan@in.bosch.com,,,,,AUDI,,,,LC141,AUDI
LC145,FORD,valson.joshuaninan@in.bosch.com,,,,,Ford,,,,LC145,Ford
LC146,2WP,valson.joshuaninan@in.bosch.com,,,,,#N/A,,,,,
LC147,FORD,valson.joshuaninan@in.bosch.com,,,,,Ford,,,,LC147,Ford
LC148,GM,valson.joshuaninan@in.bosch.com,,,,,GM IPB,,,,LC148,GM IPB
LC149,HSW,valson.joshuaninan@in.bosch.com,,,,,#N/A,,,,,
LC150,HSW,valson.joshuaninan@in.bosch.com,,,,,#N/A,,,,,
LC151,2WP,valson.joshuaninan@in.bosch.com,,,,,#N/A,,,,,
LC153,Daimler,valson.joshuaninan@in.bosch.com,,,,,MRA2 - HD,,,,LC153,MRA2 - HD
LC154,PSA-REN,valson.joshuaninan@in.bosch.com,,,,,PSA_REN,,,,LC154,PSA_REN
LC155,COEM,valson.joshuaninan@in.bosch.com,,,,,COEM,,,,LC155,COEM
LC156,VW,valson.joshuaninan@in.bosch.com,,,,,VW - iB2,,,,LC156,VW - iB2
LC157,Platform,valson.joshuaninan@in.bosch.com,,,,,Platform,,,,LC157,Platform
LC158,IOEM,valson.joshuaninan@in.bosch.com,,,,,IOEM,,,,LC158,IOEM
LC159,Platform,valson.joshuaninan@in.bosch.com,,,,,Platform IPB,,,,LC159,Platform IPB
LC160,PSA-REN,valson.joshuaninan@in.bosch.com,,,,,Ren_Gen 9.3,,,,LC160,Ren_Gen 9.3
LC161,Toyota,valson.joshuaninan@in.bosch.com,,,,,#N/A,,,,,
LC162,Nissan,valson.joshuaninan@in.bosch.com,,,,,#N/A,,,,,
LC165,BEG,valson.joshuaninan@in.bosch.com,,,,,BEG,,,,LC165,BEG
LC167,BEG,valson.joshuaninan@in.bosch.com,,,,,BEG,,,,LC167,BEG
LC168,Nissan,valson.joshuaninan@in.bosch.com,,,,,#N/A,,,,,
LC169,CEVT,valson.joshuaninan@in.bosch.com,,,,,#N/A,,,,,
LC175,BEG,valson.joshuaninan@in.bosch.com,,,,,,,,,LC175,BEG
LC180,CEVT,valson.joshuaninan@in.bosch.com,,,,,#N/A,,,,,
LC181,COEM,valson.joshuaninan@in.bosch.com,,,,,COEM,,,,LC181,COEM
LC182,Daimler,valson.joshuaninan@in.bosch.com,,,,,MRA2 HD,,,,LC182,MRA2 HD
LC183,Toyota,valson.joshuaninan@in.bosch.com,,,,,#N/A,,,,,
LC184,GM,valson.joshuaninan@in.bosch.com,,,,,GM IPB,,,,LC184,GM IPB
LC185,Daimler,valson.joshuaninan@in.bosch.com,,,,,MRA2 UHD,,,,LC185,MRA2 UHD
LC186,Daimler,valson.joshuaninan@in.bosch.com,,,,,MRA2 HD,,,,LC186,MRA2 HD
LC187,Daimler,valson.joshuaninan@in.bosch.com,,,,,Ren_Gen 9.3,,,,LC187,Ren_Gen 9.3
LC188,Toyota,valson.joshuaninan@in.bosch.com,,,,,#N/A,,,,,
LC189, Honda,valson.joshuaninan@in.bosch.com,,,,,#N/A,,,,,
LC190,Nissan,valson.joshuaninan@in.bosch.com,,,,,#N/A,,,,,
LC191,Nissan,valson.joshuaninan@in.bosch.com,,,,,#N/A,,,,,
LC196,JLR,valson.joshuaninan@in.bosch.com,,,,,#N/A,,,,,
LC197,Toyota,valson.joshuaninan@in.bosch.com,,,,,#N/A,,,,,
LC198,JLR,valson.joshuaninan@in.bosch.com,,,,,#N/A,,,,,
LC199,CEVT,valson.joshuaninan@in.bosch.com,,,,,#N/A,,,,,
LC200,SMC,valson.joshuaninan@in.bosch.com,,,,,#N/A,,,,,
LC201,PSA - REN,,,,,,,,,,LC201,PSA - REN
LC202,FORD,,,,,,,,,,LC202,Ford
LC203,FCA,,,,,,,,,,LC203,FCA
LC204,Platform,valson.joshuaninan@in.bosch.com,,,,,#N/A,,,,,
LC205,2WP,valson.joshuaninan@in.bosch.com,,,,,#N/A,,,,,
LC206,SMC,valson.joshuaninan@in.bosch.com,,,,,#N/A,,,,,
LC207,Honda,valson.joshuaninan@in.bosch.com,,,,,#N/A,,,,,
LC251,IOEM,,,,,,,,,,LC251,IOEM
LC252,GM,,,,,,,,,,LC252,GM
LC253,GM,,,,,,,,,,LC253,GM
LC254,AUDI,,,,,,,,,,LC254,AUDI
LC255,COEM,,,,,,,,,,LC255,COEM
LC257,2WP,valson.joshuaninan@in.bosch.com,,,,,#N/A,,,,,
LC258,SMC,valson.joshuaninan@in.bosch.com,,,,,#N/A,,,,,
LC259,Buffer,valson.joshuaninan@in.bosch.com,,,,,#N/A,,,,,
LC260,GM,valson.joshuaninan@in.bosch.com,,,,,GM IPB,,,,LC260,GM IPB
LC261,Buffer,valson.joshuaninan@in.bosch.com,,,,,GM,,,,LC261,GM
LC805,COEM,,,,,,,,,,LC805,COEM
LC806,,,,,,,,,,,LC806,
LC807,FCA,,,,,,,,,,LC807,FCA
LC808,IOEM,,,,,,,,,,LC808,IOEM
LC812,,,,,,,,,,,LC812,
LC813,GM IPB,,,,,,,,,,LC813,GM IPB
LC814,,,,,,,,,,,LC814,
LC815,,,,,,,,,,,LC815,
LC816,,,,,,,,,,,LC816,
LC821,IOEM,,,,,,,,,,LC821,IOEM
